[{"formWid":"439","title":"你的健康状态","fieldItems":[{"content":"健康","isSelected":1},{"content":"疑似病例","isSelected":null},{"content":"确诊病例","isSelected":null}]}

,{"formWid":"439","title":"你是否发热","fieldItems":[{"content":"是","isSelected":null},{"content":"否","isSelected":1}]}

,{"formWid":"439","title":"你当前是否被隔离","fieldItems":[{"content":"是","isSelected":null},{"content":"否","isSelected":1}]}

,{"formWid":"439","title":"你近1日内是否接触过确诊/疑似病例","fieldItems":[{"content":"是","isSelected":null},{"content":"否","isSelected":1}]}

,{"formWid":"439","title":"你近1日内是否经过中高风险地区","fieldItems":[{"content":"是","isSelected":null},{"content":"否","isSelected":1}]}]